,VDD,W_n,C_L
0,2.094460607906438,3.85332918943501e-06,6.562584239502822e-13
1,2.4721698996044013,1.105757103019609e-06,7.147738089426079e-13
2,2.036307433165324,3.2093737139159276e-06,4.0936178332274405e-14
3,2.0846128971554476,1.1397052888603597e-06,4.978796653293845e-13
4,2.076096193662732,7.85986055821823e-07,4.779339437761937e-13
5,1.752650290307542,2.9504271551175733e-06,3.627371172630599e-13
6,1.5993198521634402,4.910516563878683e-06,2.591357145839278e-14
7,2.033206042943255,3.0992517377495503e-06,9.678981508628422e-13
8,1.8798833240911628,1.8912402141694743e-06,2.2157427615179824e-13
9,1.9951604793750661,3.5964321104867193e-06,3.263365348457998e-14
10,2.0034115660972156,2.4266386473769503e-06,8.520992043851298e-13
11,1.9409956266600688,1.8513702611441376e-07,5.094801251999808e-13
12,1.8824255325792314,4.252483091309751e-06,9.267141910452961e-14
13,2.1006963185235707,2.6876245889010056e-06,5.540103831474762e-13
14,1.8839764273756898,4.849326897946601e-06,2.818019406602405e-13
15,1.871662213519239,4.494580721651085e-06,5.27868205674881e-13
16,2.135634994818595,4.587346605366937e-06,6.656093455578321e-13
17,1.7426390806237835,1.936257262300305e-06,8.622211872781678e-13
18,2.2782235303008465,4.892854467379616e-06,7.9003827908852e-13
19,1.536395728791382,1.5652660791712668e-06,5.910607481464272e-13
20,1.800191001848817,1.4330372887860083e-06,2.1644224219299571e-13
21,2.1754939049864346,2.3705075117465196e-06,9.70851684989113e-13
22,2.062137910060877,3.686125711694296e-06,9.587105413950889e-13
23,1.5000273517208458,2.1667130893155785e-06,7.522142045047361e-13
24,1.7856467173516788,4.722270233206668e-06,9.071257517426382e-13
25,1.6260471636840945,2.943385547754681e-06,9.613626812959782e-13
26,1.9617056570809985,2.4082858879908177e-06,8.930700865741786e-13
27,2.467842046676445,4.474280211687899e-06,2.500098346689987e-13
28,1.7691870727226258,3.874074632340111e-06,3.326659137809963e-14
29,2.237465470021605,4.204790045794355e-06,6.193186807304607e-13
30,1.977142574572048,3.401549652644346e-06,2.777598738716888e-13
31,1.8603666318294618,1.0997917608669982e-06,6.342778125981514e-13
32,2.141494178259014,3.1394245673026053e-06,3.149995693552141e-13
33,2.45875968157956,3.520379344887758e-06,2.3625523550814406e-13
34,2.268104240820304,1.7582615840650512e-06,3.818473731927565e-13
35,2.051711659564893,3.358780870688275e-06,9.312838406879404e-13
36,2.4651209890161723,3.3899980977897184e-07,4.3922588745866373e-13
37,2.381365831695046,4.888658667266233e-06,2.260269190460431e-13
38,2.3640023566267514,4.317014348850505e-06,1.2111727558881998e-13
39,2.1841708047140633,8.158931370617369e-07,5.004407295008664e-13
40,2.0290349213452674,4.504533937135656e-06,3.3595676011525275e-13
41,2.21629052313729,8.202940092872582e-07,4.2946307346622835e-13
42,1.8755578876474734,1.256305440121273e-06,8.003643396793416e-13
43,2.3228381875243778,1.7432844933063986e-06,8.153834623736904e-14
44,1.6819503872396968,2.1203669624027636e-06,3.567327587077767e-13
45,2.0599894830066408,6.169186629151474e-07,8.507331052084009e-13
46,1.7372020017226026,2.4603275468047797e-06,4.801967128671117e-13
47,2.0328396669305504,4.62032191438643e-06,3.459998870112048e-14
48,2.199176198804438,3.972496058130659e-07,4.3206390426017116e-13
49,2.025513041008907,3.786484713760824e-06,7.363871627707726e-13
50,2.2013484962239165,4.3817534034032694e-07,9.183748898555238e-14
51,2.28415519689017,3.34376864261983e-06,3.12984044211209e-13
52,1.601632314415894,1.4795155502165809e-06,5.825273457011304e-13
53,1.6142349121125261,6.506106497919398e-07,9.95729286342752e-13
54,1.655785084546556,3.435580271994327e-06,7.400247612977122e-13
55,1.5682424235896026,3.1859987033048274e-06,9.496085654764459e-13
56,1.6617126941422748,4.459725440633321e-06,1.7658997402387848e-13
57,2.2528688232493463,2.5098775814537308e-06,5.207288289305919e-13
58,1.7558451705842373,4.241291952685407e-06,3.9523380672391173e-13
59,1.6372925214412881,4.26040820867873e-06,8.842403323157954e-13
60,1.8371493519699547,4.157400333507975e-06,5.541087290523015e-13
61,1.789483711965187,2.0710543864063563e-06,9.884931298843456e-13
62,1.9086425465775143,1.1243832133203118e-06,4.313583668020933e-13
63,2.3885302692698946,2.812599173410633e-06,7.440342920821597e-13
64,2.344935573547154,1.5597071956909733e-06,5.67497978099883e-13
65,1.6171612522022838,1.191586909220256e-06,7.453563538444221e-13
66,2.2001616625353293,2.299813876726964e-06,9.038893620467394e-13
67,2.4247626724138454,5.959242915530416e-07,5.969559702308561e-14
68,2.2109893270416814,3.4588431649431146e-06,6.066143530842502e-13
69,1.9833129546350148,4.771550227534409e-06,9.080238408603776e-13
70,2.4386875936694974,3.4925980777730924e-06,7.211252128457202e-13
71,1.854315115138083,2.6415089622718067e-06,6.308987747092321e-13
72,2.1365025634090204,3.1317353125848333e-06,2.0956633552614826e-13
73,1.9570239861599865,4.0416902554995975e-06,2.9373495554627037e-13
74,1.7332297517516164,7.442477118740461e-07,5.923755404616279e-13
75,2.4968550773564524,6.592655041078755e-07,4.2628718706299104e-13
76,1.5829042713809103,3.7291200572611265e-06,8.888417374948015e-13
77,2.285141383365067,2.765221836920175e-06,6.256291011057915e-13
78,1.874374229128221,1.6663283391997145e-06,3.6721857293419645e-13
79,2.01310080819641,2.738584780354488e-06,6.456019072095233e-14
80,2.3241825691541598,4.109693525030191e-06,4.025424502838486e-13
81,1.987407807791173,1.2724037840506651e-06,9.92715392477416e-13
82,1.6211661279578233,4.036765279713481e-06,9.452263501828908e-13
83,1.6758371333002615,1.0740272158327413e-06,4.3439241732913914e-13
84,1.8153676359257505,6.685320435691446e-07,3.6420357278243626e-13
85,2.4863275718518816,1.5736953755304083e-06,7.45030481354565e-14
86,2.085818051381437,3.071499417834581e-06,6.139102976868781e-13
87,1.7020358098577582,3.3852265390055883e-06,2.347073726937708e-13
88,1.5961217596151673,1.3187455644948795e-06,3.265923031779416e-13
89,2.4322288713444755,1.9975638554941654e-06,9.876049217856397e-13
90,1.7508132041620768,2.0231095212004e-06,9.342184035851332e-13
91,1.8304491363346367,1.6310696142911039e-06,2.8999605585113594e-13
92,1.9193511602811864,4.60732244386633e-06,2.1584018919519458e-13
93,2.143928754704116,2.6253328983001196e-06,4.600098319824949e-13
94,1.5895076546125906,4.971697671886105e-06,5.86131073199778e-13
95,1.5117309349563053,4.068527405551651e-06,8.486598083423796e-13
96,1.5148459255597302,2.0538334172582092e-06,4.784235945826857e-14
97,1.7231954892624444,4.053740688893407e-06,7.537963758422765e-13
98,1.795750694432602,6.319140005164002e-07,5.313831427980439e-13
99,1.6545445906378413,1.5441667479081533e-06,2.0385273274320807e-13
100,2.25894591497779,2.5697394020446465e-07,4.25406508783766e-13
101,2.4190588381260585,4.272059721189159e-06,1.3491760877207891e-13
102,1.8935754959867719,3.6008290476713155e-06,3.6854966790357864e-13
103,1.828369786849094,3.5613216677980444e-06,7.488035893316472e-13
104,1.6681408496791528,4.525325006839282e-06,6.393350982214667e-14
105,2.2298738092106922,4.816225288901823e-06,4.618073724955468e-13
106,1.9803104060687473,2.4153400514245927e-06,4.990475388528466e-13
107,1.538101866107734,3.2577966248025735e-06,8.393056045424365e-13
108,2.1674285347739413,1.3968980618417457e-06,4.810219828514736e-13
109,1.9046066060917015,6.209013331421253e-07,1.6734105867138166e-13
110,1.9446987607543784,4.7276429700779157e-07,7.82075525713716e-13
111,1.5491793463076151,4.8613746504294016e-06,2.553579234361996e-13
112,1.6411726892371674,4.517015757625089e-06,5.566866482128028e-13
113,2.187982777225753,2.2073915184074726e-06,5.997592000845629e-13
114,2.0671506379383087,2.709905020170927e-07,8.578656356283362e-13
115,2.445642624261935,2.795861624494193e-06,8.143289647787259e-13
116,1.6973114896038823,2.159837160111924e-06,1.3197967100919587e-13
117,2.3690609032619676,3.6302878800087476e-06,1.0876251464608735e-13
118,1.905636989111599,3.6405807574039296e-06,4.130708093758408e-13
119,1.9586050107850626,3.739454152053361e-06,3.4269654159931457e-13
120,2.4682817606523715,2.895779059381998e-06,3.336703817442223e-13
121,2.4238577790969473,1.0303802802750885e-06,1.814572619653349e-13
122,1.8213309562247768,4.291598971917627e-07,7.036497178061768e-13
123,2.0229898013555623,2.6188662097952675e-06,3.2054035226775207e-13
124,2.0119700764724575,4.3673436746507664e-06,4.285452783454808e-14
125,1.8991429765347358,4.894855372913644e-06,5.166166135077617e-13
126,1.642701773235493,2.262603347654344e-07,3.81583100971606e-13
127,2.257376496764392,2.1760393571867394e-06,4.4729092257105884e-13
128,1.8620702846063177,3.4177023353987755e-06,2.3994410419977533e-13
129,2.489141745616189,3.0216931556684113e-07,9.505460466943209e-13
130,1.5812326087454698,3.7998564958268304e-06,7.74590729643676e-13
131,2.4618948409434642,4.536719180784401e-06,5.428524780197957e-13
132,2.0157428885991617,2.0921873401767862e-06,7.33375505240327e-14
133,2.4536985302903576,6.049549727720866e-07,3.6564133092446854e-13
134,1.706481052400941,1.9928736948914082e-06,4.901427078751103e-13
135,2.2388198703296114,2.2026242797852834e-06,1.5145959917088878e-13
136,1.6277571373480384,4.8267207561730465e-06,7.131273383796493e-13
137,1.6205714538369889,4.4139784486410415e-06,1.3724454445627313e-13
138,2.080009175277423,1.7651613175172883e-06,6.221194940362301e-13
139,1.6083793725254778,9.743505892274258e-07,8.797797921885434e-13
140,2.3977570639131387,8.779071284417981e-07,6.366120811018626e-13
141,1.825479684328244,1.3341427711405767e-06,5.690492310026815e-13
142,1.8840113295304703,4.686055552367677e-06,3.1343644570190516e-13
143,2.097584300388816,6.748226820081349e-07,3.015182514617676e-14
144,1.7825493573705014,3.339563972515325e-06,8.584699385123209e-13
145,2.405935091428949,1.341013404610689e-06,4.5152781892761366e-13
146,2.4812490837629326,4.213032531810126e-06,7.764405474381964e-13
147,1.9976047100779082,4.2913562979621425e-06,9.57100932623758e-13
148,1.5794270354823947,4.06374308275916e-06,2.567004992537711e-13
149,1.591222548733693,4.229731747672503e-06,2.308412992698704e-13
150,2.0470209377201147,4.148721478828923e-07,5.38164196191263e-13
151,2.2741165059939696,2.003012861869743e-06,6.98501131477564e-13
152,1.5027797064076445,4.9994646610283085e-06,4.638108890583989e-13
153,2.26786901282137,3.672501087808915e-06,4.145334894608255e-13
154,2.034226037673199,4.250689873623734e-07,4.875409319376012e-13
155,1.6293025014341072,4.33815407794636e-06,9.272441300740886e-13
156,1.7912298190004212,2.6310562716295513e-06,8.560655462708745e-14
157,1.8916255863483618,2.2903988177313096e-06,7.797006261897081e-13
158,2.254709674382011,9.516554667321178e-07,5.798904939779568e-13
159,1.7110255336245936,2.9880612470171524e-06,5.219483378274259e-13
160,1.6481428265377192,3.33134704820353e-06,7.720188883355528e-13
161,1.9378507074198925,2.2210717666064443e-06,1.9438853140983956e-13
162,1.6240590199266454,4.844477049790021e-06,6.040423014231393e-13
163,1.9723050964128777,3.284119139360397e-06,8.328994068309806e-13
164,2.0249452955858027,1.056278723276112e-06,6.719570112668338e-13
165,1.6693811194245651,2.539311902052105e-06,2.969571633424999e-13
166,2.065378961806116,2.5668706405677032e-06,8.663877911628683e-13
167,2.2590687423382008,2.232469285694013e-06,6.287397679717043e-13
168,2.4397176970431103,3.0759504567256325e-06,3.4152834782407233e-13
169,2.24938691628745,2.3037856322373613e-06,8.253934031390528e-13
170,1.8806208526644008,3.4056530344423976e-06,8.297575955255624e-13
171,1.943013048561133,3.644144026634481e-06,3.4431754741983024e-13
172,2.240220127614512,3.332818177726741e-06,5.114110741868241e-13
173,1.9557861645320824,9.204232489757192e-07,6.315992034851051e-13
174,2.4850354248421267,7.387798496400666e-07,2.614388011272222e-13
175,1.9718541456554275,1.537875706037948e-06,5.423342786685442e-13
176,2.0063051353386263,3.783947581217842e-06,7.685853376140084e-13
177,2.3070832264001018,3.860273588439197e-06,6.570305236814645e-13
178,2.068419475600596,3.954232057665943e-06,7.755752045444417e-13
179,2.053336727635866,2.1708057565003053e-06,5.507151218669087e-13
180,1.8407489240602461,3.836360215400397e-06,7.069167972546585e-13
181,2.0141901287178543,3.847274048208129e-06,5.645096331241599e-13
182,1.80310572656683,3.583120744968076e-06,4.5084496690800016e-13
183,2.440826097901965,2.2841202448067595e-06,3.969426839457696e-13
184,2.2232730056933887,3.276457270797357e-06,1.2031437029296267e-13
185,1.6399837533745982,4.732694545988202e-06,7.734788972473884e-13
186,2.0270192476355824,1.0081139457448444e-06,2.1164605139112673e-13
187,2.3437540648039725,2.332460049495199e-06,1.0395819798803351e-13
188,2.368539727789191,4.097939888486754e-06,7.911948223387505e-13
189,1.530376480388371,1.355036358643756e-06,2.7259242215599e-13
190,1.9466442125875667,2.0882686718510914e-06,3.457423408599868e-13
191,2.245886491562928,3.228649576036917e-06,6.405531811403597e-13
192,1.8249964878107932,4.0944029092774183e-07,4.821550450229991e-13
193,1.975860243780667,3.662269727226468e-06,6.837066564016203e-13
194,1.9603653715145666,1.4676341049246408e-06,9.63439411548041e-13
195,1.872485906529635,3.9728117243113465e-06,8.332881021988322e-14
196,2.121367486942991,4.01968761095188e-06,8.638379456902428e-13
197,2.422519541345944,4.00547933659817e-06,1.9092292188213514e-13
198,2.112169310096066,2.9546027782807276e-06,5.021060307874131e-13
199,2.0265682012368362,4.578265190669833e-06,4.442414859570322e-13
200,2.499655417109553,7.020863395550316e-07,5.063111848090048e-13
201,2.1290899309550064,4.137685375421649e-06,6.131440724205437e-13
202,1.5725080587604368,1.643605008579783e-06,3.790764242828241e-14
203,1.727360491762985,5.383160320143484e-07,2.36580410820468e-13
204,2.093995797308511,4.7640751234146865e-06,5.781573339384138e-13
205,1.724304916990753,1.501731083471284e-06,8.67564219287899e-13
206,2.443720767742301,1.1390031016226234e-06,1.2779651177624027e-13
207,1.5523417637386097,3.7805006173694254e-06,1.9631256687628497e-13
208,2.0637126650114404,1.9219551182115613e-06,2.684259198904808e-13
209,2.131635330724924,3.6333115583788793e-06,3.72802272639191e-13
210,1.7949181810457722,8.393954882017927e-07,6.904759933561376e-13
211,1.5640096524317968,4.6675474158035754e-06,5.386884735588623e-13
212,1.9209077151047536,1.045032440221751e-06,9.536414264714361e-13
213,2.1098053718116097,3.0615554623489344e-06,5.596944336104488e-13
214,1.7760344430138404,1.7174281068568735e-06,5.763029455210814e-13
215,2.3080691145658037,3.6191431988275868e-06,9.767647709758317e-13
216,2.2324026676621855,2.653679878083881e-06,7.316240777417061e-13
217,1.583486506517788,1.5078955793834456e-06,4.621045625342494e-13
218,2.3537108357614667,2.3149392901624678e-06,4.5228411430576917e-13
219,2.409931578653217,2.3218652508468816e-07,1.1320788638269196e-13
220,2.366049084871272,1.438864711577204e-06,7.256490633857898e-13
221,2.4483997797732666,4.717111432294622e-06,8.961549062152908e-13
222,2.483408946822239,4.16735928378552e-06,8.813401023658599e-13
223,1.8594979951701172,3.2376284728098326e-06,7.094550737157648e-13
224,2.3301472824766165,2.779259948335413e-06,4.408690009843991e-13
225,2.086587721901842,4.697898640807503e-06,5.459086137139857e-13
226,1.7840525911181724,9.223815266625118e-07,3.7636488496879695e-13
227,1.8533923619534372,4.301790664077401e-06,3.837503739254341e-13
228,2.2997696668885617,2.318491781062532e-06,5.610892889046487e-13
229,2.3954440120721827,4.74312939813077e-06,3.089670358183292e-13
230,2.3932684238556696,8.507709021675101e-07,9.740838993325994e-13
231,1.592815652858132,8.636542491127797e-07,9.698710577313326e-13
232,2.2213523244264617,3.0210290663368143e-06,8.048877438743011e-13
233,2.33795197163621,2.7581034984486828e-06,3.193602059658674e-13
234,1.7412799561197185,3.266911426478169e-06,1.049364782715511e-13
235,1.9763163568871094,3.964040258000947e-06,1.441432986589886e-13
236,1.8225133003146152,2.361537215346933e-06,5.298015225414334e-13
237,1.7132600857422045,1.637331621507392e-06,2.2983242534490026e-13
238,1.6367523852888843,2.867584798220568e-06,3.3476671594551696e-13
239,1.9485884585957325,4.840363340083841e-06,5.026982533237496e-13
240,1.8890014264295572,4.986040448129347e-06,5.288759330979046e-13
241,1.9667617909978181,7.257457001191939e-07,1.420581102106074e-13
242,2.042081159848041,9.998329067698484e-07,5.17868759033615e-13
243,1.722298943398835,2.752442500128567e-06,4.426945823340773e-13
244,1.580270375770259,1.9919992512909373e-06,9.516043998773354e-13
245,2.3916135460331156,2.8465252071997827e-06,7.76703878208499e-13
246,1.5257884872401448,3.938718332018596e-06,6.0414169619608e-14
247,2.3008232660051005,1.9192983720613485e-06,5.374224647069651e-13
248,2.3487531000760633,5.160814391649203e-07,8.566019701643645e-13
249,1.631987388352122,3.3731319772199404e-06,8.717035382638383e-13
250,1.8781233822219248,3.5070677604549713e-06,1.7511164394818007e-13
251,2.2262282984186106,2.5555869804544327e-06,8.90696134764228e-13
252,1.8190473722646314,7.092807939655205e-07,1.8584684262014313e-13
253,2.3579034864368342,4.792957061023711e-06,5.879316646918241e-13
254,1.6158106438605524,2.6106395291343227e-06,4.048268684936545e-13
255,1.8489183311113404,1.9551523533498223e-06,5.2203119427453364e-14
256,1.8733808967021497,2.9032973772528173e-07,7.842094855752405e-14
257,1.9351295166601372,1.0600179621460274e-06,5.704718890833988e-13
258,2.0555657309464648,1.250876013373053e-06,3.505531665492167e-13
259,2.1274880140133385,4.602932355096686e-07,5.678776871845547e-13
260,2.3251065410628047,1.1156652317852598e-06,4.108899819083477e-13
261,2.1181362043033065,4.312806633157042e-06,6.778105638883501e-13
262,1.9284649705491512,2.2807469121893046e-06,4.838566097366163e-13
263,1.563475081255414,1.5979492202727438e-06,8.953047859891773e-13
264,2.471511347446892,4.483535534329126e-06,5.405433091182159e-13
265,1.5208931713624423,4.7368248193964254e-06,4.589743110205272e-13
266,2.152789971214885,2.9833762914333287e-06,1.4321248708379297e-13
267,1.5653340978930965,5.841410196083582e-07,6.279032886238854e-13
268,1.7102268096408595,3.9829608309349205e-06,9.775777131219583e-13
269,1.8635755165747232,2.2397935456216492e-06,5.336246994293394e-13
270,1.9864728728634071,1.1019683652572313e-06,3.988897450342892e-13
271,2.0192216792494406,2.9057371880810566e-06,9.732007264649316e-13
272,1.9922552629081354,4.164440835149331e-06,7.31143758990642e-13
273,1.7755482322679175,3.621960367768071e-07,9.241805489032376e-13
274,1.7079640204866255,4.522661341910658e-06,7.283509598170677e-13
275,2.264492461058849,1.3819911331920272e-06,5.835387587744085e-13
276,1.8496685807355266,3.2917350027244028e-06,2.1261186886887627e-13
277,1.5707474063457814,1.2165282169765837e-06,4.9123389425089814e-14
278,2.1306329191809983,2.8228820514418496e-06,6.789974254235783e-13
279,2.3865298246297924,7.73333388153997e-07,7.117165103572698e-13
280,1.8071067784525467,1.261520336734329e-06,9.042166206085364e-13
281,2.2183302959930633,1.2384888074811946e-06,5.2581883751239974e-14
282,2.3617576356114505,4.194869327396223e-06,6.622764764982922e-13
283,1.933606543134611,4.4254302215280686e-06,8.672786715358828e-14
284,2.277983136739004,8.887287089330298e-07,8.352263838930235e-13
285,1.5269031202600865,4.4793691908373087e-07,3.5538105351895506e-13
286,2.050022206798681,3.7090355788764886e-06,2.5381388127524793e-14
287,1.9688969211473102,4.294471300875252e-06,7.357279999251009e-13
288,1.9226750582150816,3.961548475058596e-06,8.731114117118959e-13
289,1.7794636136588453,3.391969215760655e-06,4.953287551969687e-13
290,1.6180243850528842,2.7858695739803266e-06,1.6902542170290197e-13
291,2.3147776220363125,4.083105090564337e-06,3.4045890906001183e-13
292,1.575506726587143,1.3130837329409448e-06,1.298170111093855e-13
293,1.9783173818001842,3.91030349596286e-06,5.109505492719445e-13
294,2.096469192806597,2.844500277790202e-07,4.057007331391196e-13
295,1.9255795392580695,4.549717310926344e-06,4.4550216210511406e-13
296,1.8336634557389422,4.942427054616168e-06,5.439946169583612e-13
297,1.9025037204870126,2.920651620398311e-06,7.623485442564375e-14
298,2.185123069114929,1.5420728882050253e-06,2.192403106866321e-13
299,1.9115529037004368,1.152705342648994e-06,9.838891445784828e-14
300,2.40871366031865,3.921112841923056e-06,3.1129200589859735e-13
301,1.7030049491224881,3.7848381581723306e-07,3.891910403367697e-13
302,1.9450606083135384,3.848883767078153e-06,1.3831037726171686e-13
303,1.844933835235703,4.835220678666464e-07,8.997017750802435e-13
304,2.4111036243808153,4.181153743518201e-06,9.343848153071643e-13
305,2.493222281836484,2.5798003242381892e-06,2.775993890865167e-13
306,2.4478449023123376,4.35995415543966e-06,4.3494685322354595e-13
307,1.6068791279993855,8.668925103321581e-07,3.103617727630272e-13
308,1.5346322850094043,3.2465872463868904e-06,8.407653672337289e-13
309,2.4747868295132602,4.818464882004393e-06,5.175305576198258e-13
310,1.7575241861745838,4.745289082555433e-07,2.4930941372864916e-13
311,1.7357172057494699,1.933629928942172e-06,3.6344686484913926e-13
312,1.8924652990223654,2.470399158827155e-06,4.760629639945175e-13
313,1.6603088155135912,2.0451243958739968e-06,5.473047187839333e-13
314,2.0733439695475555,2.7714823883507014e-06,7.352968669813131e-13
315,1.9361884017762934,1.8084367576410254e-06,2.7563135402533665e-13
316,2.455994134985604,3.7988648345435185e-06,1.3463139538273657e-13
317,1.768668755972493,3.1186501743447003e-06,7.498943591188105e-13
318,2.494470913912712,4.1283103548868875e-06,2.059930268604602e-13
319,1.9424442425444086,1.9222103287004513e-07,8.051609126533083e-13
320,1.6354455312283742,2.155771862010549e-06,9.84611023119861e-13
321,2.102738702042219,2.034186229998367e-06,5.036509111688512e-13
322,1.7054966724462242,1.5540580056740897e-06,6.927525647648466e-13
323,1.9293973548771062,1.7400333777635122e-06,6.758294611219247e-14
324,2.4149395277283485,5.675259287285938e-07,7.108073291304202e-13
325,2.124509371788106,1.7787140961171147e-06,1.0551715511236145e-13
326,1.6650125545889345,1.7041779042785788e-06,8.879490391235442e-13
327,2.19755368659773,1.9400432891962807e-06,7.700878019780313e-13
328,2.0239206346631455,2.525097615419525e-06,7.186622809794111e-13
329,1.7881679066513434,2.327411652125446e-06,5.898130985179475e-13
330,2.166001528887908,3.6452689579607725e-07,7.220806544620038e-13
331,2.383601287519869,3.6246310067011896e-06,3.1740978919120755e-13
332,2.406801899830368,2.7751370100551894e-06,6.504631891946402e-13
333,2.069120895135944,4.788930883169548e-06,6.447558643714905e-13
334,2.3047865462447956,4.0147807689173915e-06,7.234256919585756e-13
335,2.1373583741860918,2.2276457623024266e-06,5.573068972383661e-13
336,2.4218208857230565,3.79159335115052e-06,2.67316292703192e-13
337,1.811994620142137,3.9156981190261506e-06,6.084101690080793e-13
338,2.168787422150052,3.078856136246202e-06,4.829575002029876e-13
339,1.613431787612847,9.504976264007262e-07,7.873704924868658e-13
340,2.2415875118841138,2.3080701502253755e-06,8.4767647079729e-13
341,1.814810998677998,2.677161434717483e-06,8.035453465115336e-13
342,2.1719230887315244,2.3803487205453995e-06,6.976935851586475e-13
343,1.5330460488078517,1.7995370586440092e-06,7.570716400449341e-13
344,2.0394900761444896,3.5392165933632233e-06,2.997765127577365e-13
345,1.8272529885786217,3.701570368087101e-06,6.660551996303922e-13
346,2.426572555045232,3.4297589208427133e-06,2.290514212760991e-13
347,2.3429201124543657,1.1962865950267572e-06,5.748985921949203e-13
348,2.104343433297475,1.2472467783575434e-06,8.760500326527053e-13
349,1.9567938360286758,3.3137416961293104e-06,5.774320792674881e-13
350,2.194860412826523,2.5736584814329296e-06,9.28906690213265e-13
351,1.9898961216165896,4.9660847159364105e-06,4.0803379820550315e-13
352,2.2510057925692744,4.214518379723673e-06,3.38624104274715e-13
353,1.8357009698703466,1.0355833430723234e-06,1.9748928278005102e-13
354,2.224911404371341,4.439144784216188e-06,7.164242348681703e-13
355,2.373117005556083,3.694492876356279e-06,4.550718045189183e-13
356,1.9646223517181618,1.875136958031326e-06,9.72040836464297e-13
357,2.2823967896954764,9.370493484547981e-07,1.1293431048203893e-13
358,2.365210489867938,1.65777610503807e-06,9.113965995212284e-13
359,1.562066361983457,3.4870316693297773e-06,9.665307638704997e-13
360,2.1730312412210635,2.9981286029727847e-06,5.34781388527535e-13
361,2.15581283820774,2.432482515420988e-06,2.648551949913924e-13
362,1.7772428555760802,1.3659004304199513e-06,3.2459390528565843e-13
363,1.6386362749630226,4.2569152651390985e-06,2.975506736936009e-13
364,2.4120064739850084,3.882658675758045e-06,1.7301502399870225e-13
365,2.2442384355454688,2.817619239448062e-06,9.374433191164895e-13
366,1.7652994944895308,2.4524676187677903e-06,2.595495804730237e-13
367,2.3716437379507394,7.171096489003128e-07,7.608506179307409e-13
368,2.3117757049734466,3.759281962802903e-06,8.01520520545481e-14
369,2.10671043925446,4.397110167682875e-06,3.776677400971743e-13
370,1.5677951028994421,2.7253354586940733e-06,5.0684669646584606e-14
371,2.295125446344463,5.499542360701731e-07,5.967731921618954e-13
372,2.1723991755062024,4.805524476815314e-06,6.325630160823178e-13
373,1.9393119858395522,3.582401394495208e-06,9.140904051761532e-13
374,2.179353151776262,3.366273508782685e-06,3.9561123571329965e-13
375,2.3709759948622113,4.624735363492741e-06,8.615970321686161e-13
376,2.1454576095009448,2.1242440847148587e-06,5.347685390608761e-14
377,1.6442397209189006,3.568129594304995e-06,1.7469497434613834e-13
378,1.826801901188455,4.937396251640721e-06,3.6963903665918275e-13
379,2.2274456321570413,1.821888372456579e-06,2.1103529034212014e-13
380,2.3632025268643764,4.559812758174607e-06,1.1156602851238811e-13
381,1.5979026283227427,2.623253944510495e-06,3.373798491583347e-13
382,1.8584004974271253,4.19912477749736e-06,9.963408771708609e-13
383,1.9913255148127957,2.6968531384007927e-06,9.127568615002848e-14
384,1.9903784960409343,6.814503952938844e-07,1.2548081397779096e-13
385,1.6772544179286726,2.4829972268513897e-06,6.264522452350688e-14
386,2.1146037686449497,3.127957100158885e-06,9.46300503242361e-14
387,2.0777205521842452,4.544716624647664e-06,8.55049207616735e-13
388,1.7962014112031512,3.548516159621832e-06,6.348953129020372e-13
389,1.6783871764497253,6.094808861915138e-07,6.88789277175819e-13
390,2.4903321739717565,4.573119200533737e-06,6.023101144649298e-13
391,2.2434358128411733,3.501404916652329e-06,4.564812734261793e-13
392,1.8430495766886903,1.7531645309251576e-06,3.528757873958228e-13
393,1.547524676341226,2.418797628425259e-07,3.7867572284895167e-13
394,2.2314351396479015,2.9764501542845307e-06,2.5167337148184263e-13
395,1.8642658988069587,2.5876505533311555e-06,1.4088480332548613e-13
396,1.6338749042640428,2.3984783512646816e-06,9.52152229631275e-13
397,1.7608792312975656,1.5708678556925621e-06,6.854740254785352e-13
398,2.247148071571194,4.321579558024788e-06,3.949528831173469e-14
399,2.1538666132970175,4.935799263062305e-06,9.610562306448165e-14
400,2.2934636423258565,6.030539855546664e-07,3.9154590655832647e-13
401,1.6400271091765102,2.132030124255719e-06,4.267103848241511e-13
402,1.8205397743813858,4.677683496711038e-06,6.518707720191162e-14
403,1.8363414236956508,2.516748361672422e-06,7.430767236922092e-13
404,2.150939404196651,4.145710665451704e-06,9.094429549437017e-13
405,2.286738221230177,1.9784664857904546e-06,7.028268353600873e-13
406,1.8468896836640125,9.63703271719078e-07,9.641661637732997e-13
407,2.108013701067036,4.306103540000627e-06,9.823572949015957e-13
408,2.030783296647658,3.180448997167325e-06,4.707435174238289e-13
409,1.894312529394794,2.4586919923039138e-06,6.175656695865089e-13
410,1.5278806003622147,3.46447754348239e-06,1.3586501859479555e-13
411,1.6456054877085924,5.009868376123212e-07,5.470668535288629e-13
412,2.2979634302568313,3.94431530516354e-06,6.200003895000064e-13
413,1.7834456222617026,3.481528441504268e-06,9.202483832913546e-13
414,2.098735331699282,4.966569173776003e-06,8.14963461960298e-13
415,1.503918518809432,1.1975044338804027e-06,8.736555731968349e-13
416,2.1169374425020284,2.582589270518625e-06,6.421754235682596e-13
417,2.0206863593009503,1.3585911884525778e-06,1.9840208145238208e-13
418,2.4183258947188158,1.8320013216369008e-06,2.2287137162845862e-13
419,2.4847676876822975,4.39126344550007e-06,1.870525397265434e-13
420,1.7593719568603963,4.7569550645068814e-06,4.327798358967029e-13
421,2.1774517369255126,2.251488751429517e-06,4.282398412346457e-13
422,2.38454527756153,4.036118219515974e-07,9.83735866485725e-13
423,2.2656259442352544,4.176838113197952e-06,5.981452777558076e-13
424,1.9962265923144205,9.90359527923957e-07,5.663893823985733e-13
425,1.5395235421975633,2.761903399194898e-06,7.190787659963312e-13
426,2.134338777190728,4.76233020041523e-06,9.366427530955097e-13
427,1.6888879514314554,2.3405078641520213e-06,7.70851789489263e-13
428,1.5296746917132353,3.308858300003077e-06,2.2815014250559395e-14
429,1.6002373097310136,2.2616992815705806e-06,4.645680333770644e-13
430,2.0172320160873594,3.141118094254102e-06,3.7973702373009036e-13
431,2.196627012380982,4.107219907562555e-06,8.216397341986401e-13
432,2.044469576519788,3.944459433419545e-06,1.0254990309067301e-13
433,2.3203404053911143,2.271020724894662e-06,1.1754448350531848e-13
434,2.1656887670700913,3.402741859079267e-07,7.335912345980025e-13
435,1.6473463098211925,2.8061932562399344e-06,2.886708576466504e-13
436,1.5505025389166815,3.029800230584973e-06,5.260370064412162e-13
437,2.1257558510271037,3.427683017701911e-06,5.810742629439817e-13
438,2.3364216295461415,3.935962404966888e-07,2.9204009126100186e-13
439,2.0586713271138684,7.618791342487427e-07,6.961363745450751e-13
440,2.3127690687816322,1.4503981457435404e-06,2.58339858664733e-13
441,1.914513478069542,3.6679733986033934e-06,8.960492867118338e-14
442,1.881088473204055,4.122522170864458e-06,8.679981931052885e-13
443,1.531737093566688,3.1589108787244675e-06,3.020391397220438e-13
444,1.5056917933782623,4.43474925832622e-06,3.724487559968348e-13
445,1.728745971222456,1.9025070598376975e-06,9.477243266952947e-13
446,1.903971759930902,3.890641742080452e-06,3.2327049463299483e-13
447,2.0497001888874484,2.444437257923409e-07,2.539802844918346e-13
448,2.3505094881098256,1.8576001857161252e-06,5.6734262773588954e-14
449,1.818184924855952,1.944262142924729e-06,7.000230519122884e-13
450,1.9632843918446268,2.966585214747588e-06,6.474086810600799e-13
451,1.5462525333055257,3.5788890067003876e-07,5.853113106109786e-13
452,1.6111911902152634,4.668576764808093e-07,1.0167584025835284e-13
453,2.4876097221560003,1.365487966911898e-06,3.5510339622514387e-13
454,1.5417856035054545,3.0273592222086e-06,3.904858038548303e-13
455,1.8083519259131584,1.4838809634695362e-06,2.0101755624684364e-13
456,2.233525291582648,1.0518685346649813e-06,2.451500103499113e-13
457,1.950816540032665,2.038539819281615e-06,2.8092986476995967e-13
458,1.5210482562679633,2.9123182533207456e-06,1.2845624744079618e-13
459,2.188575287906387,4.87633204004501e-06,7.863806188291765e-13
460,2.0049210054219877,2.7996399295066012e-06,7.012212422037124e-13
461,1.5045118755924205,4.528412880288329e-06,9.54706658254264e-13
462,1.7127266062496322,3.474262881813403e-06,6.707823198431027e-13
463,2.3107344859023575,5.901378407863586e-07,5.126852826565495e-13
464,2.331303584022128,2.9028535845298305e-06,3.4849162322602403e-13
465,2.390830704123186,2.6433805020781805e-06,2.9587308189117023e-13
466,2.4370800382307785,3.05165068113051e-06,8.881284547744776e-14
467,1.558897067672003,3.724105251824622e-06,4.6926211978780925e-14
468,2.3590510780641907,1.0770733036585398e-06,2.41404780021577e-13
469,1.8524700154152247,1.7891395822376753e-06,5.612325319083812e-14
470,1.993681778358456,4.979779923636397e-06,3.1847407433979495e-13
471,1.8977253068587825,3.3887406394647835e-06,6.63411316229251e-13
472,1.5447127168227028,2.0487295148847353e-06,8.542152010485011e-13
473,1.6668349616324623,4.563498733900596e-06,6.145465750844201e-14
474,2.2530425024184684,1.9679886635321604e-06,1.7905335312819936e-13
475,2.1013419446968506,2.889261687346871e-06,2.0852236532093628e-13
476,2.2283270954508994,1.2289745086649093e-06,7.961883822135954e-13
477,1.831222709338639,3.446010104328057e-06,8.456463887002121e-13
478,1.7926370131962426,3.681698928158949e-06,1.9532694650058535e-13
479,1.8123864843409498,4.903619838827108e-06,4.709153486630907e-13
480,1.5694076204143743,1.5835900434208737e-06,3.4699115548335123e-13
481,1.653454438313169,3.930730562759231e-06,9.432060114548853e-13
482,2.3781739445760106,3.988654330162056e-06,8.283657384304353e-13
483,1.773917514803847,1.611182375059511e-06,8.893876630927568e-13
484,2.0284513575685277,2.925471992673113e-06,6.092231417593594e-13
485,1.8381346812896024,4.542038874704613e-06,9.052834101808835e-13
486,1.6705169525290198,4.952304687337602e-06,4.2243477515075046e-13
487,2.3760229118481297,3.5537617831327463e-06,6.964092624220412e-13
488,2.392013396877727,1.2077966029526087e-06,8.94529737062518e-13
489,1.7717929258415024,1.245187306509723e-06,9.976844527595773e-13
490,2.3232880886755902,7.106330163702166e-07,6.160824915820763e-13
491,1.6821997407861848,2.6091795354812925e-06,1.4832332309681858e-13
492,2.321565196771707,2.4861615048413745e-06,8.597678191447283e-13
493,2.17803879942692,1.976284704096313e-06,3.03620117431327e-13
494,2.4078168401915203,3.0142743374135656e-06,3.029685866237086e-13
495,1.5934120171789663,3.121208060376936e-07,6.434235894058272e-13
496,2.043992092784236,2.080777110263164e-06,7.627608205733917e-13
497,2.0708235815156733,1.4753049987993556e-06,4.697847179967231e-13
498,2.3054509684790045,2.2563877533238042e-06,2.3661604861790372e-14
499,2.122777488003849,2.122631003910181e-07,8.711389993168186e-13
500,2.273066469286812,1.6458590728876757e-06,4.967616989906265e-13
501,1.8557691131646212,2.917571074959206e-06,9.920065515680222e-13
502,2.482530840898758,2.476645694618022e-06,2.69526603527436e-13
503,1.658841647148912,1.5001683543259226e-06,5.627445458351978e-13
504,2.21360901874227,2.439863574530287e-06,5.934908052122215e-13
505,1.7098490049443746,1.6147198649210393e-06,1.727533193667589e-13
506,2.1136382326198433,1.5221440778083758e-06,9.831173952769422e-13
507,2.0403155494215577,3.5322222830989744e-06,6.265685375982261e-13
508,2.2806197729895072,1.3069029186742123e-06,6.154537441001384e-13
509,2.1934557174575047,4.047405320641947e-06,4.607712979413728e-13
510,1.7625280344640764,1.1740950634924492e-06,2.639168220228907e-13
511,1.7867863947682023,1.349539627004227e-06,7.293685852722443e-13
512,1.8471856754286309,4.615157109139054e-06,4.559721414981872e-13
513,1.5405432535676529,3.65746423178212e-06,5.317870481048934e-13
514,2.2618807046002685,2.108832321038026e-06,7.949815141921357e-13
515,2.075033377652368,4.034965707282894e-06,4.1908287864705665e-13
516,1.9651859065678736,1.684241206657625e-06,5.077585381601331e-13
517,2.0727967748938383,1.7732861063163264e-06,6.849654746447447e-13
518,2.126477241459243,1.3870028721255856e-06,7.565861654214196e-13
519,1.7171329907580266,4.1542313295956586e-06,3.279494490674863e-13
520,1.6043778635685777,3.8221428900047465e-06,4.003399499107023e-13
521,1.95496842695219,8.421221529068128e-07,7.998703651920601e-13
522,1.7994373134988553,4.749445482728501e-06,7.74643491716717e-14
523,2.0313014149913515,6.915000095426558e-07,8.27009782307473e-13
524,1.973365915857649,1.912418608765191e-06,8.079040324695114e-13
525,1.7495209029136405,4.924619119990825e-06,1.3348898475303137e-13
526,2.3031795416178,3.8816436865856533e-07,5.487796938927863e-14
527,1.9535168609303695,2.940462173454979e-06,1.1019492552656252e-13
528,2.1077382740395687,1.268981507757328e-06,5.247248255938472e-13
529,1.5176562358171777,8.353807179654994e-07,8.221525201941592e-14
530,1.6305334445714073,9.029820579112945e-07,7.128002233203443e-13
531,1.7972058551840846,6.649384096208329e-07,8.124107230223971e-13
532,2.3327449092761885,4.073157994016929e-06,2.737811457483948e-13
533,2.425154886119567,8.100855641818274e-07,3.076611087539107e-13
534,1.8850532869932932,1.322870242472229e-06,9.419025690757245e-13
535,1.6493769573104866,2.392108646063481e-06,9.281057817238004e-13
536,1.5241168135192014,3.0659493472326047e-06,2.3860122238985305e-13
537,1.6033219286086469,3.828788039239325e-06,9.892765933957963e-13
538,1.7562938754423905,1.083301105013999e-06,7.271979997567838e-13
539,2.360036204458125,1.1595654298991066e-06,2.580460274049441e-13
540,2.3132801830037604,1.3749561811198915e-06,7.045806370774865e-13
541,1.5484314620381996,9.290740543682996e-07,1.62382852461115e-13
542,2.0005271880241735,3.1091447898603353e-06,3.506684520343307e-14
543,1.8963311886300291,9.695664645217572e-07,6.871938069505583e-13
544,2.217510953856789,9.560375911614757e-07,2.542835083361002e-13
545,2.2342360654934867,2.676647954016957e-06,9.48593435570124e-13
546,2.002243625695277,1.531433715332279e-06,3.4049085595931693e-13
547,2.15422608825047,4.463280318566961e-06,2.2042139227702183e-13
548,2.4501252461075014,1.5885483483447036e-06,6.690136380798994e-13
549,2.4775093769893313,2.9278640699164756e-06,1.93423745334823e-13
550,2.2755631720570815,2.6379493174077505e-06,9.192208667362022e-13
551,1.9066199119195208,3.2130456099750566e-06,1.5091947129341229e-13
552,1.5785011558813362,3.041708481600997e-06,1.5912568548922643e-13
553,2.202955158979121,2.718943571137194e-07,5.33322322163288e-13
554,1.9980120092620117,3.898426300924533e-06,5.496903393991541e-13
555,1.5737553759411012,6.416612125355966e-07,7.557814805537097e-13
556,1.73605258869413,3.525360566335601e-06,1.7857124289187567e-13
557,1.532026821834472,1.1794201659418516e-06,7.42190100170867e-13
558,2.0566211991321817,2.181593733202207e-06,6.894692938848793e-13
559,2.2942582301297954,2.7909846517950374e-06,2.700861972216686e-13
560,2.212765597064489,2.3513766401434497e-06,3.880818291320632e-13
561,1.542845024831406,2.262870234740037e-06,7.389953374677855e-13
562,2.222324113311485,1.1130456434374506e-06,7.924091771760342e-13
563,1.979464920729615,3.2744101919900318e-06,1.3921624680833135e-13
564,2.3279107580009075,4.5721370956918116e-07,4.4630075094463976e-13
565,1.890027399361625,4.007268534856572e-06,4.577816065725173e-13
566,2.2626598524704966,4.929747161280952e-06,9.408589385805548e-13
567,1.869146729896459,3.2642340382249877e-06,8.370866363875664e-14
568,1.9305550285779254,2.019390508673354e-06,4.846405553964541e-13
569,1.8866030752804566,4.91399227909299e-06,1.8459712504338475e-13
570,1.7380091541248714,6.788904851517597e-07,1.3148913432936003e-13
571,1.7533228137046883,7.791762006085588e-07,6.458648750244613e-13
572,2.183246899255502,2.4438823447901914e-06,8.363304216546821e-13
573,2.3672226273572234,2.684285888197894e-06,4.118202416968363e-13
574,2.0796592336379067,3.7702582625061896e-06,7.937153652790723e-14
575,1.78761809661704,4.098980861838665e-06,1.9960525392526494e-13
576,1.7783508058548068,4.433853728377472e-07,8.849668190450801e-13
577,1.9274396203811852,4.867426744137762e-06,6.749553986675934e-13
578,1.8882922243169054,1.2046445098692554e-06,7.615365617370318e-13
579,1.7193565737178478,4.649857838735645e-06,3.979627193436394e-13
580,1.804151360159298,3.351386397338235e-06,7.153250678829348e-13
581,1.9315130852361426,2.1451370461568408e-06,2.761140968822265e-13
582,2.0212889091801527,3.294407442550899e-06,4.92538263270806e-13
583,2.351097089933424,3.880992828129988e-06,7.792601015105933e-13
584,2.2961916860916056,2.0970058306954502e-06,8.385918055362824e-13
585,1.6465671803706534,3.449549852444877e-06,5.607631063393245e-13
586,1.7707030087385967,1.4456206463096396e-06,2.503708520687206e-13
587,2.362530753442202,2.999833948155477e-06,5.872490048331158e-13
588,2.2769118314374674,1.9863898990426315e-07,9.748711954553091e-13
589,2.0454422307893587,7.69746585257065e-07,2.335729681001793e-13
590,1.6345722637846272,1.7103167984367292e-06,9.798191065242926e-13
591,1.7307522668988915,2.405995022496259e-06,1.2221206122684322e-13
592,2.462268962233631,2.3931582824770992e-06,1.4540546187080226e-13
593,1.6508793122204304,9.808889561282395e-07,6.704443067323607e-13
594,1.6894320353006478,1.972323898767201e-06,2.2248623820228514e-13
595,2.46007178161077,2.0105010794722775e-06,4.905963672252624e-13
596,1.6020717073356123,3.720878117104129e-06,3.5350483861899556e-13
597,1.6853279025597125,8.453486820955704e-07,7.806569593145907e-13
598,1.6228307426846056,3.4413997808461315e-06,7.176650620289538e-13
599,2.2391043866419005,3.2258015024048032e-06,2.0847882890441963e-14
600,2.379594400647232,2.2766303339481142e-06,8.196835763290938e-13
601,2.33894516228799,2.507545908147086e-06,3.1437215629186025e-13
602,2.4037187094297474,3.241912708206426e-06,4.864760661441829e-13
603,1.5600651533745113,4.183003866483063e-07,5.229145547304604e-13
604,2.181634284355188,4.079167223656896e-06,8.424583385291352e-13
605,2.149243055110147,1.1453854117168613e-06,4.4285262977566923e-14
606,2.4795556206946228,7.222704150312556e-07,1.0699489715345388e-13
607,1.519585091326146,1.6900585603977342e-06,7.056170099104064e-13
608,2.4411225671617824,1.9858093988329774e-06,6.266736015349451e-13
609,1.5452923768751425,5.247154065401832e-07,3.4939141505970934e-13
610,2.498582447281096,1.7025127068576735e-06,6.393391753323892e-13
611,1.8508915474233616,2.5028775556123733e-06,7.468689193285909e-13
612,2.475832273005029,1.1274477221011354e-06,1.902320934905663e-13
613,1.605827487169668,2.387443843138466e-06,6.295771892074501e-13
614,2.329082981909756,3.1880397376275445e-06,9.788421837500405e-13
615,1.674086782854163,2.0542184191232702e-07,9.620672310566471e-13
616,1.8650179814137509,2.1015729209989936e-06,5.086961236660937e-13
617,2.0661855613213485,4.416916353007211e-06,6.601588119599377e-13
618,1.6919762307264052,4.747363407659494e-06,4.1785203860174066e-13
619,2.435832816418237,3.645730286886666e-06,6.126335121486669e-13
620,1.8873441757485216,6.375762805024603e-07,6.401104677646256e-13
621,1.7166771531184322,4.893627933442834e-07,8.338168507710447e-13
622,2.161821898055782,4.383715292719086e-06,5.819956177777934e-13
623,2.160806680625047,3.086502870610373e-06,6.462929793835821e-13
624,1.652412179865405,2.7163322868199073e-06,7.472092004383504e-13
625,1.7981595089710969,1.3927398063670348e-06,2.6032447025656555e-13
626,1.9150221664596931,4.568638412131051e-06,9.937604463173584e-13
627,1.7581219487210191,1.0623080004382373e-06,1.1658094281081286e-13
628,2.4447357529679064,3.651669792368008e-06,4.202527617540614e-13
629,2.0881994809300384,4.247388397717536e-06,7.667482639410945e-13
630,1.9098486668416932,1.7703513989986126e-06,3.5810307543909434e-13
631,2.4022196348370093,4.654721723661645e-06,5.515424889041782e-13
632,1.5127315467116504,2.527940977870334e-06,1.5655280583431973e-13
633,1.802837321798576,3.745691766050887e-06,9.595037239089385e-13
634,1.9628482036648296,3.6752836363032612e-06,3.0421439748933275e-13
635,2.0716992293995906,1.0101713545872076e-06,1.5375946067208532e-13
636,2.463951346714924,3.321947557376714e-07,4.658435149586692e-13
637,1.5356548631971785,3.511478713464886e-06,3.1652347022547936e-13
638,2.457095494425776,1.9089972633846853e-06,5.046540639295182e-13
639,2.198199436927533,1.400485291789093e-06,2.4686536922224807e-13
640,1.5154432148920989,2.493693580294691e-06,7.831662246651509e-13
641,2.1704164126314716,3.380222112863688e-06,4.678665566442714e-13
642,1.7614902324657185,3.48224031303635e-06,3.5733335087816043e-13
643,2.1195294045458493,7.654132743970831e-07,9.10684248881332e-13
644,1.7672060178667541,8.935041784563613e-07,2.1823996669909447e-13
645,2.162027783742298,3.615873098876063e-06,9.25220514592574e-13
646,1.7450582473972969,1.9617808181931325e-06,2.2692821131085845e-13
647,2.2420685783578516,5.553538366628715e-07,9.694612361286457e-13
648,2.4349728126868446,4.7996507264404226e-06,1.827811437579269e-13
649,1.8707211931626573,2.1135926307671346e-06,2.947990992645183e-13
650,1.970276151948999,4.872484575635627e-06,6.557763515142524e-13
651,1.708228420867741,3.16513728754572e-06,9.755575446370677e-13
652,2.1393270591287,4.327646384436869e-06,9.908023656558341e-13
653,1.7800067823982924,2.973111281256075e-06,1.7069462774696808e-13
654,1.9124417546813461,7.884526446763618e-07,4.210434895961121e-13
655,2.427609166090544,1.4157470358515463e-06,5.652348363409118e-13
656,2.151733610984958,4.3409269328653146e-06,7.836412862493197e-13
657,1.9239919513091142,4.372177857094273e-06,1.7768349599460193e-13
658,2.0017402238128317,2.4235772176960457e-06,8.856231961326718e-13
659,2.2710378009453187,1.0224090996953535e-06,3.313139182990283e-13
660,1.6642324865208817,8.012713632265029e-07,9.554496745267272e-13
661,1.7484104915202707,1.0268182660171688e-06,6.58652164140182e-13
662,1.8132175792414627,3.7640925556678066e-06,6.079854053868554e-13
663,1.5846380689937387,5.206844942756738e-07,3.324416954569667e-13
664,1.510598996429389,4.687211734732393e-06,5.058393358472483e-13
665,1.7930408294152413,3.149494828519975e-06,7.598115883131089e-13
666,1.5552110417137561,2.150403943306169e-06,3.796058686974126e-13
667,1.8092951750359094,3.395005240476479e-06,2.4207601558021167e-13
668,2.1951991794847716,2.836047399395858e-06,7.527132984764282e-14
669,1.5779317341986854,4.6300353876309475e-06,4.381327920574443e-13
670,2.4913077225921136,4.136811792115231e-06,8.308754147123303e-13
671,1.6721307598562114,4.484466270258379e-06,3.4798213964729167e-13
672,1.832552653161597,3.319986642288134e-06,3.2563273641954214e-13
673,2.158528401271158,1.592991523406105e-06,3.7527989314161465e-13
674,1.5662638932956203,1.7259192416270819e-06,1.4020813764974594e-13
675,2.005801110030439,1.4627378844677536e-06,8.519878661906326e-13
676,1.9007319804408094,3.8104961148540268e-06,1.6510307595008954e-13
677,2.466645658818994,2.8816754929170566e-06,2.338898171530848e-13
678,2.1861460697681707,1.6207789918932402e-06,6.428758033404507e-13
679,1.6596446406237046,1.8376575427887816e-06,8.190989049190783e-13
680,1.6847005749211028,9.14243611057919e-07,4.419211248291335e-13
681,2.1801401859337908,4.641978705447674e-06,6.675771038180119e-13
682,2.2873065381623925,2.42084973233621e-06,7.503992613922419e-13
683,2.2699616800969324,4.673481621845449e-06,6.774029260272099e-13
684,2.3996987323787633,2.1654955065420328e-06,1.5601794890877954e-13
685,1.9070497383133262,3.4698277858303537e-06,6.545010137774171e-13
686,1.61225530529619,2.534048697375687e-06,5.449049861800118e-13
687,1.5713631612847998,6.473549087314208e-07,7.669379978039549e-13
688,1.6837560099873545,9.890210145103155e-07,7.25356021405387e-13
689,2.016250705389497,5.074323869205824e-07,3.710342226417206e-14
690,1.7548834930180819,3.0720477506261994e-07,1.189339338797519e-13
691,1.9014448234751504,5.717460071201521e-07,8.980559530447588e-13
692,2.29819965049816,3.00749240365324e-06,6.740509211239497e-13
693,1.5909683284063088,4.779464883484211e-06,6.812362357621908e-13
694,1.6676746856153721,2.345163860582219e-06,3.612624048080338e-13
695,1.9342014866372867,3.602847114055211e-06,8.832831319072593e-13
696,2.3280662635159155,3.518588188263582e-06,3.3043238966276055e-13
697,2.3802067036201238,2.366229877148558e-07,3.1499521574473896e-14
698,1.5066418662257295,4.187340747701431e-06,8.291442229564111e-13
699,2.010338722084676,2.601712205523958e-06,4.3946782608287636e-13
700,2.157379115189343,1.4942527086154897e-06,1.2586071125411733e-13
701,2.317124706395955,3.302071955579024e-06,7.202903494320152e-14
702,1.9243443516901708,4.713904088034601e-06,2.8671445760510455e-13
703,1.718351459467464,7.515227874081611e-07,9.01350354776653e-13
704,2.3414035650973783,1.039694737823184e-06,4.723519383916666e-13
705,2.2198886532364948,4.647284643785299e-06,7.935506326465872e-13
706,1.9814356212984727,9.970621976491903e-07,2.863853606873411e-13
707,2.0483505158501223,1.9291197516991364e-06,5.922524111183939e-13
708,1.7256713545341493,2.7241769789300835e-06,7.543295554592453e-13
709,1.763093896901184,3.4230085496542547e-06,1.495021505615099e-13
710,2.4690100416433562,3.5402138660460978e-06,4.2992545737666616e-13
711,1.588879730981111,4.855873297308385e-06,5.958811388670866e-13
712,1.9852583238355654,1.4202191408936955e-06,9.172506266203916e-13
713,1.7153944967574206,3.7201075735857414e-07,4.0082381713167314e-14
714,1.7208614228678558,2.0689838203553157e-06,4.4847642505017426e-13
715,2.2487186214118973,3.253841593364636e-06,9.946224557312928e-13
716,1.5228902133699647,2.7482123085677907e-06,2.0803244368670445e-13
717,1.6940118549916834,4.444372113443729e-06,5.990246270887741e-13
718,2.037933379259577,2.2285525435975097e-07,8.446838191741078e-13
719,1.5289528535108285,2.5435948087579525e-06,2.2463904383605886e-13
720,1.73294581541659,4.469499273979008e-06,9.180367649821585e-13
721,2.28887041273342,3.573006986339771e-06,6.523072806939166e-13
722,1.969539660945121,3.174261987671319e-06,2.0464883506971511e-13
723,2.2088382120357473,3.047779854875237e-06,1.1466539473129114e-13
724,2.3565887958526712,5.346016820936023e-07,2.2510590144103503e-13
725,2.0353157528297543,1.0950691099614647e-06,4.91923086331889e-13
726,2.2838412315598684,5.86756258086429e-07,6.49626936813371e-13
727,1.5951126335161885,2.509097903709638e-07,4.09147286111226e-13
728,2.266725813664883,3.850855949096847e-07,5.270284510536378e-13
729,2.0389461924918817,3.231498382920749e-06,2.1407392661122988e-13
730,1.7647086741665203,1.8415749930191615e-06,6.682769050311776e-13
731,2.046790422259766,2.659592613973856e-06,9.99171545833996e-13
732,1.8051109196328752,7.33587041439492e-07,9.861046579091406e-13
733,2.306933397767978,2.0566182146000938e-06,6.960398148169456e-14
734,2.464892867123085,1.7367302789930667e-06,1.0774456066457566e-13
735,2.2099094548264864,2.167338945798426e-07,5.140734677164539e-13
736,2.3495574595083433,4.279446376818472e-06,6.481806589245702e-13
737,2.3871886400944327,1.1327558545340606e-06,5.581110764563474e-13
738,2.3160198309170026,1.0164479050791564e-06,6.362427237941302e-13
739,2.235882272455375,1.8649789126916262e-06,4.186338013683365e-13
740,1.7391821146137845,3.838621626458183e-06,6.798265132076116e-13
741,1.8174075312649376,3.20579056605923e-06,8.784502438791091e-13
742,1.829916286378549,2.0750970484182553e-06,2.661410030941612e-13
743,1.913204125783403,4.8082350213675274e-06,2.851052929663948e-13
744,1.9510782772834852,1.6838214431979224e-06,1.54929562602059e-13
745,1.8066486803014143,2.0230449140561008e-07,3.8551858218160196e-13
746,2.203358144929054,5.302568701498307e-07,9.604593236824864e-13
747,1.6960341120338827,1.8688661430028432e-06,2.173787805624085e-13
748,1.5986768002766454,4.4891192797606475e-06,3.8632186285872363e-13
749,2.1444464450428034,2.7080235891625686e-06,1.1967585577313059e-13
750,2.410626598627836,1.2849236264299197e-06,3.2731108099752974e-13
751,1.5164557726323078,3.354840071980152e-06,9.4469560744146e-13
752,2.1925985215095833,3.4532712627584254e-06,7.518873266830636e-13
753,2.2923115484462953,4.398319888396304e-06,4.873320702270735e-13
754,1.5514297461429072,2.811058353650465e-06,2.8428453634989e-13
755,1.73448910418927,2.0261886578003072e-06,7.442723703575313e-13
756,2.454978087296947,2.7421611813329618e-06,8.934480365984174e-13
757,1.5864963429575032,3.1051771772481667e-06,9.655914431837777e-13
758,2.0992421043875016,3.61164376535744e-06,2.475547561687512e-13
759,1.9497290353118264,4.086797564013029e-06,4.0697315327874456e-13
760,1.851509672200784,3.5777418784265257e-06,3.897790394173923e-13
761,2.315970300191877,2.2119390950069e-06,7.199424730418846e-13
762,2.123064683387604,3.912856135312189e-06,6.045734249301242e-13
763,2.0524759808973045,1.605166781228973e-06,8.988424484015276e-13
764,1.8413550410887563,2.5488908086280508e-06,1.7974952668999466e-13
765,1.9323298329116099,4.174078338526315e-06,7.646609664766454e-13
766,2.1894670378535714,4.227638880525904e-06,5.886519672903918e-13
767,2.2200958073502752,4.665932756184998e-06,1.846803063926879e-13
768,2.3521260612914676,2.2476247422031232e-06,3.6198305274771e-14
769,1.9165826339738363,3.2200832054014304e-06,2.0660327487727873e-13
770,2.041094065219731,2.862585034269934e-06,3.6675105344529366e-13
771,1.607071093804979,3.4903038725332476e-07,7.325209602941709e-13
772,2.3543278457318793,8.812652139250363e-07,1.5765854779511974e-13
773,2.0745782347116872,4.61200741512631e-06,3.7145947449182486e-13
774,2.0871559290210038,3.085097529622632e-06,8.920963159123749e-13
775,1.5615094631544588,4.594789098401156e-06,2.959390800975059e-14
776,2.47351234250075,3.0922827858424706e-06,3.28942010025476e-13
777,1.5076203282670733,2.96302086302734e-06,9.227957321741567e-13
778,1.7402375251907887,1.1680526148572358e-06,1.2379165039015605e-13
779,2.263950868642985,2.8781847875351535e-06,4.678022251373982e-13
780,2.3478453488077635,1.7180006096701097e-06,4.742704210822244e-13
781,1.6794080937124238,1.3799454620986974e-06,7.378910687248911e-13
782,1.9189313271222361,1.7484099934413639e-06,7.409075109859741e-13
783,1.5944760541155059,1.3421022739972004e-06,2.527022975795324e-13
784,2.103530114487894,2.788953330454449e-07,8.10724027623375e-13
785,2.115914014371384,4.451099056972852e-06,8.469228708031463e-13
786,1.8105986470860604,4.202952715410662e-06,4.1588206733550224e-13
787,2.416601103498077,2.1415975333686167e-06,3.5987539323448426e-13
788,2.3356387866703274,4.090142395334559e-06,8.635645747835259e-13
789,2.374643521206551,1.3318228360603866e-06,2.2857030792272957e-13
790,2.449639696355967,5.570515314231035e-07,6.610209146511804e-13
791,1.700251121530406,1.2339332764078167e-06,8.639951147744436e-14
792,2.3346159781815556,3.826368045421037e-06,7.973619437339261e-13
793,1.921505972418875,3.2564626437248984e-07,8.094609630895643e-13
794,2.2606187173840624,4.661305039805605e-06,8.799666692183834e-14
795,2.2702892483453083,1.436899501098131e-06,2.907435333438803e-13
796,2.092339216349974,3.0352902710851488e-06,1.6869700579422777e-13
797,2.163762794216732,1.4099545313715493e-06,4.790069194777659e-13
798,2.082175338429766,4.2731320252902e-06,5.211580973928035e-13
799,2.4884074245364105,2.7046281052843342e-06,6.532197385550453e-13
800,2.3023681948111223,4.40955380182582e-06,8.017220452669066e-13
801,2.0616961357521952,1.5781724782268273e-06,8.536433373771125e-13
802,1.6999502871266081,4.787171277274183e-06,1.9205708386251781e-13
803,2.377776658682877,4.602405774593526e-06,7.301965238832897e-13
804,2.4923644903486215,4.824285471062607e-06,6.013629146686501e-13
805,2.413475329489082,4.4780278260141904e-06,8.817539247279144e-13
806,2.1901264412942965,3.1147354193541477e-06,3.066320095654464e-13
807,1.5576824437456531,2.6941251550049247e-06,4.366497024567689e-13
808,2.4953048560614888,1.2983134878968796e-06,6.818736896243375e-13
809,2.4460426881769504,1.5106459527724297e-06,6.10466342174493e-13
810,2.128707453588043,2.8569189593531763e-06,3.092792529354865e-13
811,2.290489497729914,1.6224819416913533e-06,5.712751679574247e-13
812,2.417707072120501,3.7080865334520957e-06,1.4606237633984197e-13
813,1.8454343226477345,4.345929714895757e-06,2.1646483343500274e-14
814,2.3012782996589243,3.6921848240842815e-06,5.245163028348673e-13
815,1.5181760630226537,4.8514384287438575e-06,1.6027776752814985e-13
816,1.5762927527165644,4.000155700886705e-06,3.827929348652044e-13
817,1.8985744407990797,1.8854903936656463e-06,8.063087366226028e-13
818,2.1112591667972094,4.373985780489969e-06,2.439239697814895e-13
819,2.182956756353181,3.772453711609795e-06,1.88366608111927e-13
820,2.2049031147638627,4.330890753780327e-06,6.922204293327152e-13
821,1.8166041352416327,1.7274866098289249e-06,3.5205021081072954e-13
822,2.1590904718093125,2.5977933492833616e-06,3.9274393498733953e-13
823,1.9741616004692177,8.851924459951894e-07,6.240890555156239e-13
824,2.272661803054853,7.934346250797175e-07,6.227228557731333e-13
825,1.5011672600415833,4.296679245056015e-06,4.0322737048117516e-13
826,2.3399060716433486,3.20067378643587e-06,2.72195798699289e-14
827,1.8686776789324735,2.7313321905381582e-06,6.764301327672031e-13
828,1.6877342939424567,1.8093872294624225e-06,2.804921751878241e-13
829,2.3825581523581856,1.796274771734183e-06,4.771243014414086e-13
830,1.651618062198216,3.1585345458937957e-06,6.377622127794923e-13
831,2.1179753824218466,2.8297191074703546e-06,9.150104905588998e-13
832,2.256932608115604,4.448346656145676e-06,4.193194550039644e-14
833,2.400573146662804,4.7744627570390864e-06,3.331233749261678e-13
834,2.4044296687123925,2.2949834200193607e-06,3.3814504768252416e-13
835,1.7515703679745311,4.353092217598978e-06,2.832237787652016e-13
836,2.318295203815175,1.5173388519235557e-06,8.601792402008375e-13
837,1.9845426403538748,8.241575447548903e-07,1.2908004742067495e-13
838,2.1918809309564904,4.266354798580805e-06,5.91171927399501e-14
839,1.8677825031929767,3.9841335546483115e-06,7.123981087422047e-14
840,2.4203071246858716,2.7152644194922035e-06,2.324865781978671e-13
841,1.663791720123866,4.021694026962104e-06,7.071361127995839e-13
842,2.3337127430063473,1.6298174477222075e-06,7.783918380212153e-13
843,2.2307837703166133,4.634115527883875e-06,4.3632633196687213e-13
844,1.6938409199965327,3.866347920185241e-06,4.090119017162565e-13
845,2.0601560258493365,2.8707972166171187e-06,9.402022933097786e-13
846,2.3190823754458956,1.6729420288942183e-06,8.366271931792631e-13
847,1.6802285956899103,6.555239141464479e-07,1.6470311461451992e-13
848,1.5744190967786977,4.90009219415565e-06,7.960699034735473e-13
849,1.7471777140498026,2.133456871399354e-06,1.0037152308322285e-13
850,2.4019438980500714,9.45017069469902e-07,3.6087792272216223e-13
851,1.6734095667845343,4.707823819266899e-06,8.112072682059146e-13
852,2.007731744000386,1.6644311551980962e-06,6.638037966309939e-14
853,2.169197868576958,4.149767383039276e-06,9.974719512609997e-14
854,2.1487023278469204,1.897714442721358e-06,4.752430976279006e-13
855,1.6287450705585738,4.922801659000233e-06,3.444794201642136e-13
856,2.215344932213445,1.488345855421906e-06,4.5350274717824733e-13
857,1.6920013067243207,3.2835470522864432e-06,2.4825429288593916e-14
858,2.156336990771522,3.012071693077483e-06,2.9273644442312407e-13
859,1.9594613108026016,4.058003395876675e-06,2.0246931908684732e-13
860,2.0835020976264773,1.8874497623658888e-06,8.169649753725518e-13
861,2.4972292792928674,3.240479543239258e-07,1.6348414635991815e-13
862,2.340170263360585,3.8713478714504125e-06,5.635202591033316e-13
863,2.018525568490211,4.960168187519939e-06,1.6655193557137248e-13
864,1.8565299959849568,3.733361960992282e-07,4.937294269559732e-13
865,1.8610152457643154,2.063072908175853e-06,9.981727672073338e-13
866,2.4760447674148134,3.1970504822137056e-06,5.489457071073273e-13
867,1.8396887514535494,6.889387837815008e-07,9.213403635968784e-13
868,2.478479210972435,4.7038264037928905e-06,3.869853047721797e-13
869,2.4294004264422404,1.2789428113374932e-06,1.9668640867109824e-13
870,2.4155928148565726,3.1751081528554283e-07,9.161595711323369e-13
871,2.176931716100845,4.223483954325002e-06,7.009766489666363e-13
872,2.081460111181276,3.7335858586663467e-06,2.986518883217328e-13
873,1.94154108432198,2.841726011528367e-06,6.945200579249325e-13
874,2.431687937041855,1.2123482130406164e-06,1.5937030840450076e-13
875,1.5560521676128936,4.969939550679408e-07,7.244782570454675e-13
876,1.7745014085537922,4.512990162499049e-06,7.630294847760847e-13
877,2.358166993479934,1.6525412731487696e-06,4.44863759855476e-13
878,1.6164004049623433,4.3352282226867604e-07,9.87423696223593e-14
879,1.643717128467351,4.728233051697228e-06,9.360797426265262e-13
880,1.6234527019373621,3.4131119188774573e-06,6.940180271583177e-13
881,2.142935118238563,2.9363514260403367e-06,8.415672535340493e-13
882,2.3555174307806084,8.038585746808449e-07,5.739755895488342e-13
883,2.2112354132335263,1.8311854078195976e-07,6.055496388398398e-13
884,1.994577803408074,1.8773147503349837e-06,9.061337882771095e-13
885,2.0954943412748674,2.3364032986142913e-06,8.234834185324617e-13
886,1.695035921288886,2.9940889928816107e-06,5.14945635067095e-13
887,1.967813343606414,1.8538792682164268e-06,8.23857084877429e-13
888,1.7298834456840142,2.9511097878907445e-07,3.7415809604199475e-13
889,2.385992834123326,3.7529127347760862e-06,4.952811809164334e-13
890,2.3455034598946964,2.831413319542165e-06,9.56659678128568e-13
891,2.3985056361005843,1.3086564022050945e-06,8.697253214006944e-13
892,2.1746792918961466,3.458591990642734e-07,5.527520692417545e-13
893,1.5092151234700928,2.521486830351501e-06,5.787606902875935e-13
894,1.8420558415419594,1.2251210679580559e-06,4.730683275111767e-13
895,1.7212184468024856,4.831960795433891e-06,9.869784800056605e-13
896,1.7816676201603623,4.501743402889904e-07,7.045426591344202e-14
897,1.5430848661353564,3.169683921807016e-06,3.934363464356426e-13
898,2.0576432737249877,2.368019506184648e-06,9.130631773797628e-13
899,2.3728860725856706,3.7484397606434763e-06,4.2448096877105754e-13
900,1.6908399333164603,9.773774981252538e-07,6.109987953951441e-13
901,2.140427552338142,8.285175568338746e-07,6.878607152530893e-13
902,1.9883303311889498,2.489032277249132e-06,1.4697832580623863e-13
903,1.6192524187712953,2.237211172910387e-06,2.0186134189874972e-13
904,2.250025887403474,1.2907408817889618e-06,8.219825213888569e-13
905,2.110889575273525,1.067160621563555e-06,9.675172499910599e-13
906,2.2557015555242654,3.324994145955729e-06,9.262723211053445e-13
907,2.3091875376573894,1.4085746034208138e-06,6.647109460248965e-13
908,1.6620593204762015,4.585315774682979e-06,7.859708986351264e-13
909,1.5591376446150842,1.8256635647560444e-06,4.992414106516257e-13
910,2.2149634031959637,2.558856830694671e-06,8.37865474097415e-13
911,2.433753551758082,4.124008301527058e-06,4.613728533120091e-14
912,2.279037616613273,1.675474661313916e-06,4.4985236884298875e-13
913,2.064557647393074,3.892762935640197e-06,9.221685260384332e-13
914,2.2064759765811583,2.8846077605675558e-06,2.654344925320236e-13
915,1.772544280088169,4.842432803399446e-07,6.513848115575147e-13
916,2.091244718430118,1.8475799236789964e-06,6.833649407470241e-13
917,1.7661994769986193,7.43322521719812e-07,8.754497485349308e-13
918,1.7460184519068809,2.1986038689724426e-06,3.0600629894536487e-13
919,1.7909002828634883,2.4667686717674248e-06,9.006250246215599e-13
920,1.9109387181145903,4.985453013870457e-06,5.354867977241162e-13
921,2.3268673430162234,2.0143312938640852e-06,6.833562236749253e-14
922,1.6093006262357348,4.236130821498314e-06,7.982051812190711e-13
923,1.6574514012636077,3.1223882607315757e-06,1.1512854682166493e-13
924,1.5135179393262053,9.341211347759734e-07,7.586159054531203e-13
925,2.281616736360612,4.4297284974438415e-06,8.792356908094696e-13
926,2.3757825446854604,3.555338149078426e-06,2.7969477378425924e-13
927,2.1640450309227277,3.953059669561663e-06,4.01286755701756e-13
928,1.9829857777420794,2.107816316654984e-06,5.726943958423609e-13
929,2.008319807281922,4.35492523425419e-06,9.027822796317878e-13
930,2.1476631101107113,1.6982941943227744e-06,7.655308900152514e-13
931,1.8770515037057187,2.8529451846631957e-06,3.008117834553816e-13
932,2.146955326883682,3.3650420549815188e-06,5.197467575669125e-13
933,1.823609248937284,2.3217330779797966e-06,6.734699796130488e-13
934,1.731637995277928,3.5909217452163197e-06,8.164047671555469e-13
935,1.6564118281190328,2.3560708129313743e-06,2.376949559853249e-13
936,1.5859722638257305,1.5270258066126727e-06,8.083452496129474e-13
937,2.1322212019589877,1.156050497257131e-06,9.32838527601111e-13
938,2.452063525962241,4.026524167899222e-06,6.21675285786056e-13
939,1.5530003377599575,9.106961802623166e-07,5.553201095521909e-13
940,1.5873142832838711,2.6681089399842987e-06,9.671708469171205e-14
941,1.6769798814144736,2.2185633212460547e-06,8.768603110581505e-13
942,1.9990365636543284,9.063927100620713e-07,5.792850379092936e-14
943,1.9177983983595623,2.3765946361222085e-06,4.886545050746996e-13
944,1.7015976176382186,4.596152915898988e-06,7.917348003900943e-13
945,1.7047313732098281,7.563789960681366e-07,8.318526792547735e-13
946,2.090964930250915,4.694606027117193e-06,8.655925485270702e-13
947,1.7149730386156636,3.806380073274396e-06,4.2306058234969603e-13
948,1.9477203039004327,3.8146359589181613e-06,4.5319509518079284e-14
949,1.5540539939882694,3.716826578008868e-06,2.1365245594597943e-13
950,2.4590547252101533,1.283078557901927e-06,7.688987248454629e-13
951,2.480276960635508,6.277524552633875e-07,1.5286065718932628e-13
952,2.009539720038129,8.713256378216711e-07,3.215864488981574e-13
953,2.394904437973192,5.798804197354831e-07,5.133192345166559e-13
954,1.801641097461015,2.5944931601561963e-06,9.424716326365177e-13
955,1.6712603713626415,3.925434546223949e-06,8.13714178557807e-13
956,2.133209238843439,1.784434532543553e-06,4.1680244364008353e-13
957,2.2253777356655653,3.1479665878981033e-06,2.4298635657067817e-13
958,1.61067862130423,1.0880900176393696e-06,9.12390731321785e-13
959,2.4707717611027284,1.4567739810508992e-06,4.964453294039617e-14
960,1.8666817430229172,2.663617331533308e-06,1.4930131345253789e-13
961,1.8344362511871763,8.59554498661487e-07,1.7129670239181284e-13
962,2.0120766810960946,5.090959151675361e-07,1.6197546624709593e-13
963,2.3468753374771123,1.1698987242890306e-06,9.387598318614212e-13
964,2.456898930577354,6.988125745251082e-07,2.4594900896526576e-13
965,1.726113262348827,2.581647583529726e-07,5.947187983369009e-13
966,2.120506801563447,4.282166858716304e-06,9.417585929011819e-14
967,2.430689056371744,4.404093914543022e-06,3.7064604046051155e-13
968,1.74355916694409,3.305355850595401e-06,7.084549468960068e-13
969,2.2916062944730404,2.98205320153159e-07,5.730779914058901e-13
970,1.686721475781948,4.116688353386057e-06,6.007003648968846e-13
971,1.6329486991216358,2.447253341262226e-06,5.396706982119703e-13
972,2.236926968629974,1.7931322195799689e-06,8.690145758651234e-13
973,2.428652031289527,1.8158581101581859e-06,1.8862474036758514e-13
974,1.6252048691925078,4.881003726893108e-06,1.82626191002942e-13
975,1.952193707070597,3.975261843692447e-06,8.179687869990195e-13
976,1.926457704009298,5.61134360224608e-07,9.468029996902207e-13
977,2.436558126412951,4.55515777956339e-06,2.883919325843826e-13
978,2.289022605975067,1.4582181225960477e-06,9.808563142060338e-13
979,2.246060628606769,3.902901467781741e-06,8.256683044333025e-13
980,1.5083781486589123,2.193304860206064e-06,2.6258003411518496e-13
981,1.8761606648661742,2.958076913103404e-06,9.322441232729487e-13
982,1.5239596703771547,1.2940641977021398e-06,6.181293488247039e-13
983,1.5370819115667453,4.947757884585738e-06,2.741665274718104e-13
984,1.7444456891599738,4.380396862878095e-06,4.000959530932787e-13
985,2.2052312827215204,2.650799228119823e-06,8.026953046159717e-13
986,2.1053896726312926,4.50215682077862e-06,2.8382965020343644e-14
987,1.8953341418145442,1.427252688194444e-06,1.0947906914728399e-13
988,2.0549480003345457,3.057067724024701e-06,8.499367291651975e-13
989,2.2070390520494985,2.56397912332702e-06,6.596925553134789e-13
990,2.389059143893868,1.186481260115068e-06,2.7170799960690106e-13
991,2.3963302811402185,1.5527134380586763e-06,4.1228398354103363e-13
992,2.1380191065847476,3.4991690771890335e-06,7.884871124654601e-13
993,2.4517088680876187,2.189781525660197e-06,3.221296003286143e-13
994,2.442370244103058,1.952986968371843e-06,7.848793874466929e-13
995,1.698432767883364,3.995915976660512e-06,4.660197621262324e-13
996,1.9389416547116347,2.639604816883963e-07,8.439779960005515e-13
997,2.0781234319872075,4.992116149239195e-06,9.298963851846876e-13
998,2.089442484815174,1.8525336686212781e-06,8.865342052831948e-13
999,1.8579540976116045,5.458694246931175e-07,1.244562307066515e-13
